"Отметка времени","Ваш вік","Стать","Рід занять","Освіта (оберіть потрібне)","Спеціальність навчання","Місце постійного проживання (оберіть потрібне)","Напишіть свої 5 позитивних та 5 негативних якостей ","Володимир Зеленський","Петро Порошенко","Юлія Тимошенко","Олег Ляшко","Вкажіть ваше ставлення до кожного політика [Зеленський]","Вкажіть ваше ставлення до кожного політика [Порошенко]","Вкажіть ваше ставлення до кожного політика [Тимошенко]","Вкажіть ваше ставлення до кожного політика [Ляшко]"
"2019/10/08 9:57:45 PM GMT+3","23","чоловіча","працюю","середня спеціальна (професійна);незакінчена вища","програміст","місто","поз якості: 
добрий, щедрий, відвертий, відповідальний, цілеспрямований
негативні якості: лінивий, не серйозний, мстивий, не самостійний, залежний","президент
комедіант
почуття гумору
відкритий
талановитий
оригінальний
 новий
чесний
справедливий
відповідальний
","брехливий
злий
залежний
не розбірливий
байдужий
недопатріот
фанатичний
не приємний
страшний
огидливий","брехлива
фанатична
патріотка
розумна
грамотна
активна
не розбірлива
вихована
леді
антиморальна
","клоун
нетрадиційний
не серйозний
тупий
розважливий
брехливий
зажерливий
жадібний
непривабливий
відштовхуючий","подобається","негативне відношення","сильно не подобається","сильно не подобається"
"2019/10/08 10:06:42 PM GMT+3","27","чол","працюю","вища","журналіст","місто","Поз: комунікабельність, щирість, доброта, чесність, відповідальність.
Нег: лінивий, недовірливий, жорстокий, впертий, мстивий. ","Сміх, квартал, президент, клоун, пішак, мерзенний голос, не щирий, надія, майбутнє, політика.","Брехун, порох, клоун, рошен, цукерки, провал, в'язниця, корупція, війна, розчарування.","Минуле, коса, не щира, газ, дебати, працює, в'язниця, хитра, політика, брехня.","Фістинг, вила, клоун, нокаут, радикал, стрім, сміх, брехун, політика, тупий.","нейтральне відношення","негативне відношення","амбвівалентне відношення","негативне відношення"
"2019/10/08 10:48:55 PM GMT+3","22","Жін","Студентка","незакінчена вища","Психологія","місто","1. Справедлива
2. Сильна
3. Врівноважена
4. Весела
5. Цікава

1. Непунктуальна
2. Надмірно самокритична
3. Лінива
4. Часто песимістично налаштована
5. Нерішуча","1. Президент
2. Актор
3. Квартал 95
4. Ліга сміху
5. Приємний
6. Креатив
7. Веселий
8. Працьовитий
9. Трохи нерішучий
10. Недосвічений","1. Свинорилий
2. Алкаш
3. Вор
4. Шапка
5. Проплачені акції
6. Брехня
7. Лють
8. Розкол
9. Зрадник
10. Мразота","1. Коса 
2. Окуляри
3. Незвичний акцент
4. Політика
5. Газ
6. Тарифи
7. Телебачення
8. Оратор
9. Брехуха
10. Спеціаліст

","1. Дибіл
2. Вілкой в глаз чі в жопу раз
3. Вила
4. Крикі
5. Бійки
6. Зайвий шум
7. Огида
8. Грабунок
9. Брехня
10. радиКАЛЬНА партія","подобається","амбвівалентне відношення","сильно не подобається","сильно не подобається"
"2019/10/08 11:25:28 PM GMT+3","22","Дівчина","Студент","незакінчена вища","Психологія","місто","💪 😃
1. Раціональність
2. Лаконічність
3. Послідовність у діях та вчинках
4. Толерантність як до особливостей людей так і до їх ""косяків""
5. Швидко та безапеляційно приймаю рішення

🙄
1. Надмірна дотошність (занудтство)
2. Зарозуміла 
3. Емоційна нестабільність
4. Брешу як дишу 
5. Не пунктуальна (від слова - зовсім).","1. Припиздент
2. Капітуляція перед РФ
3. Сором країни
4. Відсутність стратегій розвитку
5. Жид
6. ""Розбійник""
7. 95 квартал
8. ""Жінка не дозволяє давати інтерв'ю""
9. Крах Незалежності
10.  ""По приколу"" ","1. Фонтан
2. Вінниця
3. Порохоботи
4. Шоколадний заєць
5. Президент за якого не соромно (на міжнародній арені)
6. Зачьотна перша леді
7. 25%
8. ""Набір в клан""
9. Військовий ренесанс, або реанімування армії
10. Свинарчуки","1. Не жінка, а баба
2. Інвалід(ка)
3. Коса
4. Помаранчева революція
5. Політ дура
6. Щоденники і зошити з нею на байку
7. Інвалідна коляска
8. Барак класу ""люкс""
9. ""Хитровиєбана політ в'язень""
10. Лук'янівське СіЗО","1. Вила 
2. Село.
3. Пародія. 
4. Обкурений. 
5. Підар (не гей, а саме підар як стан душі) 
6. Позір радикалістів як політичного руху
7. Пєвун
8. Блазень
9. Пусте місце
10. ""Вила напоготові""","сильно не подобається","сильно не подобається","негативне відношення","сильно не подобається"
"2019/10/09 9:30:14 AM GMT+3","24","чоо","студент","вища","психологія","місто","+
добрий
співчутливий
відповідальний
дружній
смішний
-
несміливий
сором'язливий
дію, потім думаю
мовчазний
чутливий","бізнесмен
мільйонер
актор
комік
президент
єврей
квартал
квн
стадіон
фейсбук","президент
бізнесмен
кондитер
томос
олігарх
стійкий
пияка
гастролі
стадіон
автобуси","прем'єр
грип
маски
ліки проти грипу
газ
кааліція
харизматична
фальсифікує факти
червоне серце
БЮТ","популізм
село
бабусі, дідусі
співак
вила
лайка
радикальна партія
велосипед
корови
телеканал ""Україна""","амбвівалентне відношення","амбвівалентне відношення","негативне відношення","сильно не подобається"
"2019/10/09 9:31:55 AM GMT+3","26","Жінка","Бухгалтер","вища","Облік і аудит","місто","позитивне: добра,позитивна, скромна, терпелива, чесна, негативне: дратівлива, самопевена, замкнута, невимоглива, тупість.","З боку президента: все ще впереді.  З боку шоу - набагато круче.","нічим хорошим асоціює","Впевнена жінка","не цікаве","подобається","подобається","нейтральне відношення","нейтральне відношення"
"2019/10/09 10:03:09 AM GMT+3","26","жіноча","фрілансер","середня спеціальна (професійна)","архітектура та внутрішній інтер'єр","місто","щедрість, тактовність, трудолюбивість, доброзичливість, схильність до самовдосконалення та розвитку
не постійна, потреба в мотивації, наївність, потреба в постійному спілкуванні та відповідному оточенні","гумор, успіх, дитинство, дружба, справедливість, актор, квартал 95, золотий  вік,1+1","""Рошен"", Вінниця, майдан, злочин, зрада, занепад, ганьба, ","коса, цілеспрямованість, тюрьма, акторка, хитрість, безпорадність, безнадійність, ","позор, безнадійність, сміх, кугут, вила, ляшка, огида, село","подобається","нейтральне відношення","нейтральне відношення","сильно не подобається"
"2019/10/09 12:12:01 PM GMT+3","22","Ж","Студентка ","незакінчена вища","Психологія","місто","Відкрита, товариська, креативна, віддана, принципова. Чутлива, владна, критична, ображена, ""в рожевих окулярах"". ","Новий, креативний, чесний, справедливий, розвиток, інвестиції, міжнародні відносини, ВРУ, Кривий ріг, маленький зріст. ","Лицемір, актор, крадій, брехун, Вінниця, порохобот, 5 канал, Луценко, скандал, ЄС. ","В'язниця, коса, візок, газ, тигрюля, скандал, БЮТ, ""Батьківщина"",  Яценюк, акторка. ","Вила, актор, село, корова, грубий, невихований, радикальна партія, ВРУ, сексуальна орієнтація, бійки, скандал. ","сильно подобається","негативне відношення","негативне відношення","негативне відношення"
"2019/10/09 12:41:24 PM GMT+3","24"," жіноча","працюю","вища","психологія","місто","  добра, відповідальна, добросовісна,вірна, чуйна. негативні: хитра, брехлива, лінива, дратівлива, пліткарка","смішний
жаль
дратує
обнадійливий
обманює
привабливий
танці
політик
шаурма
побоювання","ненависть
жадібний
неакуратний
злість
цекерки
сахарний діабет
брехливість
алкоголік
офшори
іспанія","хитра
підступна
доглянута
стильна
коса
жорстокість
маніпулятивна
грамотна
оратор
газова принцеса","гей
віли
продажність
зрадливий
підлабузник
корова
селюк
земля
істеричність
крикливість","амбвівалентне відношення","негативне відношення","сильно не подобається","сильно не подобається"
"2019/10/09 1:13:22 PM GMT+3","19","М","Iнженер-програмiст","незакінчена вища","ПI","місто","Лiнь","Клоун, комик, наркоман, президент, предатель, актер, зелибоба","президент ","хрень","хрень","сильно не подобається","сильно не подобається","нейтральне відношення","сильно не подобається"
"2019/10/09 1:18:04 PM GMT+3","22","Ж","Sales manager, copywriter, translator","незакінчена вища","Переводчик","місто","+
Чувство юмора
Доброта
Ответственность
Аккуратность
Искренность
-
Вспыльчивость
Лень
Обидчивость
Заносчивость
Пессимизм","Юмор, квартал, новый год, розыгрыш, всмыслепрезидент ","Фабрика, сахарный диабет, алчность, позерство ","Коса, старуха, газ","Скотиняка, вила, гей","подобається","сильно не подобається","сильно не подобається","негативне відношення"
"2019/10/09 1:31:30 PM GMT+3","25","чоловіча","працюю","вища","","місто","Позитивні:Відповідальний, працьовитий,сімейний, віданний, чесний. Негативні: лінивий, вигідний, итриц, не рішучий, консервативний","Боягуз
Хитрий
Непрофесіоналізм
Не рішучий
Розчарування
Маріонетка
Непрстійний
Слабкохарактерний
Єврей
Підступність","Покидьок
Крадій
Жлоб
Брехливий
Зажерливий
Байдужий до інших
Кровожерливий
Підступний
Владолюбство
Неохайний （помятий）","Стерво
Владолюбство
Хитра
Підступна
Брехлива
Не достойна
Розумна
Фанатична
Не постійна
Ненависть","Підарас
Аморальний
Не добрий
Крикливий
Лицемірний
Підкупний
Боягуз
Брехливий
Владолюбство
Підлість","негативне відношення","сильно не подобається","сильно не подобається","сильно не подобається"
"2019/10/09 1:40:25 PM GMT+3","18","Чоловіча","ІТ","незакінчена вища","ПІ","місто","Есть мозги, щедрый, все
Не пунктуальный, забывчивый, ленивый, агрессивный","Клоун, Дыбил, хуйло, комик, Россия, Путин, марионетка, коломойский, коррупция, безответственность, квартал","Президент, Рошен, война, Майдан, АТО, реформы, Меркель, Трамп, ООН, Украина","Говно, залупа, пенис, хер, давалка, хуй, блядина
Головка, шлюха, жопа, член, еблан, петух… мудила
Рукоблуд, ссанина, очко, блядун, вагина
Сука, ебланище, влагалище, пердун, дрочила
Пидор, пизда, туз, малафья
Гомик, мудила, пилотка, манда
Анус, вагина, путана, педрила
Шалава, хуила, мошонка, елда","Пидор, клоун","сильно не подобається","сильно не подобається","нейтральне відношення","негативне відношення"
"2019/10/09 1:42:48 PM GMT+3","22","Рептилоїд","Розробка інтерфейсів","вища","Програмна інженерія","місто","Емпатія, почуття гумору, відповідальність, допитливість, впертість. Запальність, апатичність, замкнутість","95 квартал, апостол, комік, шанс, актер, Коломойский, наркоман, спортсмен, оксюморон","Брехня, війна, алкоголь, цукерки, бізнес, майдан, Шарій, прохоботи","Тюрма, актриса","Клоун, вила","нейтральне відношення","нейтральне відношення","нейтральне відношення","нейтральне відношення"
"2019/10/09 1:50:29 PM GMT+3","24","муж","frontend developer","середня спеціальна (професійна)","повар-технолог","місто","пунктуальность,  ответственность,  Коммуникабельный, Отзывчивость, дисциплинированность. 
Авторитарность, Агрессивность, Апатичность, Безликость, Безжалостность, Властолюбие, Гордыня, Надменность, Тщеславие","клоунада, шоумен, актер, марионетка, юморист, богом дане Україні, наркотики, спорт, Коломойский","война, конфеты, порох, порошок, порохобот, майдан,  синегубка, провокации, жадность,  агент кремля ","обман, тюрьма, актриса,  коса, газ, тарифы, телевидение, оратор, лож, Коломойский","гей, защекан, клоун, лишний шум, вила,  радикальная партия, вор, лож, лицемер, жалкий ","нейтральне відношення","негативне відношення","сильно не подобається","сильно не подобається"
"2019/10/09 2:28:38 PM GMT+3","26","Мужчина ","Студент ","вища","Психолог ","місто","Решительный честный сильный добрый настойчивый; вспыльчивый раздражительный ленивый доверчивый язвительный ","Клован, жыд, марионетка, КВН, телевизор, комик, актёр, кривой рог, розбийнык, зелёный ","Петушок, кучерява головка, конфетка, ато, коррупция, президент, чинуша, вор, тамада, шоколадный заец","Тигруля, косарь, Днепропетровск, шлюха, политик, сердечко, коса, решала, Путин, заключённый ","Петух, пидор, аллочка, вафлист, проститутка, скотыняка, радикал, подстилка Ахметова, земляед, вилы ","амбвівалентне відношення","сильно не подобається","сильно не подобається","сильно не подобається"
"2019/10/09 3:15:40 PM GMT+3","22","ж","студентка","незакінчена вища","психологія","місто","добра, пунктуальна, стресостійка, сильна, самостійна, принципова, лінива, повільна, замкнута, забудькувата ","гуморист, справедливий, відкритий, розумний, талановитий, майбутнє, простий, квн, ліга сміху, хрипота","в'язень, крадій, обман, злочин, неадекват, рошен, корупція, демонстрант, власний, вибори","батьківщина, цілеспрямованість, окуляри, коса, премєр-міністр, лідер, вибори, в'язниця, серце, хвороба","розбійник, вибори, бойко, рада, радикал, клоун, вила, скотиняка, корупція, демонстрант","подобається","нейтральне відношення","сильно не подобається","негативне відношення"
"2019/10/09 4:26:58 PM GMT+3","22","Ж","Психолог ","незакінчена вища","Психолог","місто","Зациклюся на актуальній проблемі для мене 

Нитік

Роблю все в останню хвилину 

Орієнтована насправді на швидкий результат,не вміння чекати

Все  сприймаю близько до серця 

Втрачаю своє «я» у відносинах


Добра 
Щедра
Вмію говорити на публіку ,якщо хоч трохи підготуюся 
Не осуджую та не оцінюю людей ","Обличчя зеленського ","Пузо ","Коса ","Вила ","подобається","негативне відношення","амбвівалентне відношення","нейтральне відношення"
"2019/10/09 4:32:38 PM GMT+3","23","Жіноча","Навчання","вища","Психологія","місто","Щира, довіряю людям,чесна,безкорислива,відповідальна:
Іноді лінива,необачна,нервова,боягузлива(іноді),ревнива
","Чудовий, молодий,енергійний,розумний,щирий,щедрий,відкритий,добрий","Паскуда,крадій,брехло,антиукраїнець,багач,жирний","Туповата, безвідповідальна,антигуманна,крадійка,акторка","Педік,смішний,тупий,галасливий","сильно подобається","негативне відношення","сильно не подобається","нейтральне відношення"
"2019/10/09 5:25:05 PM GMT+3","21","Ж","Торгівля","вища","Психологія","місто","Енергійна,цілеспрямована,комунікабельна,щира,відверта. Не пунктуальна, часом лінива,,гостра на язик, вживаю нецензурну лексику, егоїстична","Порядність,чесність,гумор,привабливість,гармонійність","Скурпульозність, злість,розчарування,відчай,дно","Брехня, врода, вигода,гроші,влада","Гумор,корова,вила, брехня, вигода","подобається","нейтральне відношення","негативне відношення","нейтральне відношення"
"2019/10/09 5:41:43 PM GMT+3","18"," Жіноча","Студент","незакінчена вища","Юридична","місто","Позитивне: добра, допомагаю всім, заботліва, відповідальна, пунктуальна. Негативне: лінива, наївна, вперта, непередбачувана, міняю плани в останній момент","Квартал, реформи, ""я розпуска раду"", юрист, КВН, долар, фільми, серіали, свати","Військо, мова, долар, Рошен, вугільна справа, корупція, 8 березня","Коса, газ, каляска, блонда","Вила, село, корова, скотиняла, гей","сильно подобається","нейтральне відношення","негативне відношення","негативне відношення"
"2019/10/09 7:34:02 PM GMT+3","25","чоловіча","студент","незакінчена вища","психологія","місто","Позитивні: цілеспрямованість, стресостійкість, дружелюбність, відкритість, комунікабельність.
Негативні: імпульсивність, черствість, низький рівень емпатії, егоїзм, скупість.","Квартал, єврей, дебати, 73%, читає з листочка, формула Штайнмайєра, ""Слуга народу"", екс-команда Януковича, нова людина в політиці, має довіру від населення.","Перший більш менш адекватний президент, європєєц, церква, мова, віра, ворог Путіна, майдан, національна свідомість, АТО, дебати.","Зек, коса, ""баба на корабле"", вміє говорити, газ, кєнт Яценюк, прем'єр, топила за Рашку, Помаранчева революція, кінула Ющенка.","Клоун, вила, крик, мордобой, 3 сентября, село, бабулі, пітух, радикальна партія, балабол.","негативне відношення","нейтральне відношення","нейтральне відношення","сильно не подобається"
"2019/10/09 8:47:42 PM GMT+3","24","М","Студент","незакінчена вища","Психология","місто","1. Внимательный
2. Умею вести осмысленные беседы
3. Ассертивный
4. Чувственный
5. Дипломатичный

1. Бесцельный
2. Ленивый
3. Тревожный
4. Не серьезный
5. Не практичный в быту","Клоун
Пешка
Харизматичность
Актер
Шоу
Квартал
Телевидение
Улыбка
Выборы","Пешка
Истерика
Кастрюля
Фанатизм
Конфеты
Безволие
Унижение
Деньги
Разделение
Большая голова","Пешка
Проигрыш
Волосы
Трибуна
Рада
Деньги
Лай собаки
Крики
Коляска
Тюрьма","Клоун
Пешка
Идиотизм
Кастрюля
Обман
Лай собаки
Гей
Шоу
Обман
Село","амбвівалентне відношення","негативне відношення","сильно не подобається","негативне відношення"
"2019/10/09 9:09:17 PM GMT+3","23","Жінка","Мистецтво","вища","Живопис,скульптура","місто","Чесність,лагідність,співчутливість,соромязливість,вихованість.Лінь,невпевненість,страх,впертість,гнів.","Людина з народу,комік,сміх,публічність,актор,страх,прихованість,сміливість,рішуче йде до своїх цілей,але викликає певну не довіру як до політика.","Хітрий лис,зрадник,вправно володіє іноземною мовою.","Як і всі політикі обдарована неперевершеною хитрістю.Симулянтка.","Данну особу важко сприймати в серйозно.Низький рівень вихованості,як і інші політики шукає власної вигоди в політиці.","амбвівалентне відношення","негативне відношення","сильно не подобається","негативне відношення"
"2019/10/09 9:49:34 PM GMT+3","25","жін","робота","вища","психолог","місто","Відповідальна, чесна, добра, щира, весела.
Лінива, злопам'ятна, інколи жорстока, зухвала, м'яка.","Президент, квартал 95, команда, КВН, Україна, сміх, не щирий, Коломойський, політика, зміни.","Президент, Рошен, шоколадна фарбика, свиня, брехло, дебати, політика, в'язниця, Томос, війна.","Жінка, коса, волосся, політик, в'язниця, газ, плакати, серце, Путін, зрада. ","Клоун, сміх, нокаут, політика, минуле, стрім, пропав, не пройшов, бійка, епатаж.","негативне відношення","сильно не подобається","амбвівалентне відношення","сильно не подобається"
"2019/10/09 10:18:44 PM GMT+3","23","жіноча","працюю","вища","перекладач","місто"," позитивні:відкрита, завзята, працьовита, щира, хазяйновита. негативні: довірлива, хитра, прямолінійна, іноді байдужа, егоїстична","відкритий
щирий
добрий
новенький
молодий
невпевнений
прямолыныйний
справедливий
охайний
гумор","патріот
націоналізм
радикалізм
кровожерливість
недоторканість
зверхність
алкоголізм
ненаситність
жорстокість
заздрість
","інвалід
обманює
розумна
хитра
підступна
газ
коса
любі друзі
українська
прямолінійна","клоун
аморальний
кретин
село
впертий
крикливий
істеричний
безнадійний
слабкий
боягуз
","нейтральне відношення","негативне відношення","сильно не подобається","сильно не подобається"
"2019/10/09 10:28:13 PM GMT+3","22","Жінка","Студент, Педагог","вища","Спеціальна педагогіка","місто","Відверта; 
емпатична;
наполеглива;
комунікативна;
розсудлива.
Вперта; 
залишаю багато речей на потім; завжди кудись запізнююсь; довірлива; 
не впевнена в собі.","Повага","Солодощі","Коса","Вила","подобається","негативне відношення","нейтральне відношення","нейтральне відношення"
"2019/10/09 10:35:51 PM GMT+3","23","жіноча","працюю","незакінчена вища","психолог","село","позитивні: авторитетниа,безкорислива,весела, великодушна,уважна
негативні: інертна, заздріснісна,агресивна;ледарка;","політик
новий
свобода
інвестиції
підозра
недовіра
розчарування
боягуз
смішний
невідомість
","минуле
грати
цекерки
обман
президент
олігарх
помилка
Україна
бандит
зло","зло
брехня
хитрість
розум
нещирість
фанатичність
серйозність
гіпноз
лицемірство
байдужість
","обман
істерика
тупість
несправедливість
неохайність
відраза
невихованість
смішний
аморальний
обманює

","амбвівалентне відношення","негативне відношення","негативне відношення","негативне відношення"
"2019/10/09 10:58:59 PM GMT+3","22","жіноча","студентка","незакінчена вища","перекладач","місто","+
Гостинна
Душевна
Довірлива
Сумлінна
Дипломатична 
-
замкнута
ледарка,
непосидюча,
хитра
нерішуча","ЗЕ
інстаграм
шоумен
золотий вік
сімейний
цінності
новий
підозра
нерішучість
дебати","програш
дебати
свин
обман
хабар
інтелегент
бандюга
неохайний
алкоголік
лицемір","газ
тарифи
люкс  тюрьма
коса
жінка
політик
манерність
грамотність
гіпноз
смішна","віли
гей парад
синій
галстук
село
людина
чоловік
непривабливий
помилка
початок
","амбвівалентне відношення","сильно не подобається","сильно не подобається","сильно не подобається"
"2019/10/09 11:09:38 PM GMT+3","23","чоловіча","працюю","вища","перекладач","місто","-
Винахідливий
Іскрометний 
Вишуканий 
Щирий  
Ініціативний 
+
Іронічний
Імпульсивний
Бунтівний 
Сором'язливий 
Лінивий","дебати
2019
присяга
віра
надія
молодь
новий
незаплямований
чесний
людяний","бандит
війна
жертви
байдужість
минуле
недовіра
майдан
рошен
фонтан
націоналіст","патріот
освіченість
маніпулятивність
жінка
реклама
пенсіорнери
пенсія
тарифи
інвалідна коляска
зачіска","смішний
не серйозний
село
людяний
зажерливий
жадібний
кормушка
ВРУ
трибунал
крики
","нейтральне відношення","негативне відношення","сильно не подобається","негативне відношення"
"2019/10/10 7:48:23 PM GMT+3","22","чоловіча","працюю","вища","фріланс","місто","чуйний, відкритий, чесний, цілеспрямований, добрий
хитрий, ревнивий, егоїстичний, нерішучий, імпульсивний","президент
новий
невідомість
надія
розчарування
голос
квартал
доброта
цілеспрямованість
впертість
","баран
неадекватний
психлікарня
білий халат
біла гарячка
тюрьма
хабар
цукерки
олігарх
націоналіст ","тюрьма
реклама
пенсії
підвішаний язик
врода
пластика
зміни
тарифи
газ
хитрість
","не серйозний
фанатичний
істеричний
віли
противний голос
гомосексуалізм
брехня
антиреклама
погані лозунги
погана кампанія
","сильно не подобається","сильно не подобається","сильно не подобається","сильно не подобається"
"2019/10/10 7:56:33 PM GMT+3","24","чоловіча","працюю","вища","фріланс","місто","хоробрий, завзятий, талановитий, альтруїст, чесний
негативні:
м'який
хитрий
лінивий
ревнивий
злий
","розчарування
дебати
демократична країна
смішний
не політик
клоун
чоловік
боягуз
невпевнений
новий","майдан
свин
не чесний
кровожерливий
хабарник
ворог
антирос
політик
злий
лицемірний
","лицемірна
політик
жінка
хоробра
боєць
фанатична
владозалежна
не чесна
не добра
цілеспрямована

","клоун
бунтівник
хабарник
злий
злочинець
смішний
гомо
антиморальний
селянин
нелюдь
","негативне відношення","негативне відношення","негативне відношення","негативне відношення"
"2019/10/10 8:11:18 PM GMT+3","24","чоловіча","студент","незакінчена вища","політолог","місто","позитивні
завзятий
чесний
розумний
чуйний
рішучий
негативні:
впертий
грубий
безініціативний
заздрісний
дріб'язковий","75%
шок
телевізор
шоумен
талановитий
цілеспрямований
невідомість
надія
шаурма
""вийди розбійник""
","майдан
вбивця
змовник
революціонер
військо
армія
шапка
неадекватний
лицемір
ненажерливий","політик
жінка
коса
блондинка
розумна
хитра
маніпулятивна
гіпнотизерка
дієва
фанатична
","грішник
смішний
клоун
непривабливий
відштовхуючий
нерозважливий
крикливий
істеричний
жіночний
неінтелегентний","амбвівалентне відношення","сильно не подобається","амбвівалентне відношення","негативне відношення"
"2019/10/11 8:04:32 PM GMT+3","28","Женский","Декрет","незакінчена вища","Практическая психология","місто","коммуникабельная
верная
добрая
весёлая
отзывчивая
ленивая
непунктуальная
вспыльчивая
ревнивая
обидчивая","надежда, уверенность, веселье, мир, обещание, остроумие, стратегия, смех, смелость, правда","Ненадёжность, ложь, провокация, коррупция, жестокость, тупость, лицемерие, агрессия, отвращение, ненависть ","Хитрость, недоверие, обман, лицемерие, стратегия, неудача, возможность, план, договор, провал","Посмешище, клоун, село, земля, голубцы, Росита, скотыняки, фарс, фальш, фиаско","подобається","сильно не подобається","амбвівалентне відношення","нейтральне відношення"
"2019/10/11 11:37:12 PM GMT+3","24","чоловіча","працюю","середня спеціальна (професійна);вища","фріланс","місто","добрий
надійний
відповідальний
чесний
цілеспрямований
-
злий
хитрий
лінивий
дратівливий
нерішучий","нерішучий
людина
політик
батько
чоловік
президент
майбутнє
надія
сумніви
здивування
","війна
політик
кривавий
не чесний
олігарх
ненажерливий
злий
неадекватний
сумнівний
злочинець
","злочинець
жінка
хитра
підступна
гіпнотизерка
ораторша
лідер
рішуча
не чесна
крадійка
","егоїст
крикливий
не компетентний
не політик
проста людина
селянин
не освічений
не гарний
не добрий
підступний
","амбвівалентне відношення","амбвівалентне відношення","сильно не подобається","сильно не подобається"
"2019/10/12 1:04:32 AM GMT+3","24","чоловіча","працюю","вища","журналіст","місто","позитивні:
1.відчайдушний
2.рішучий
3.впевнений
4.стресостійкий
5.чесний 
негативні:
1.лінивий
2.дратівливий
3.злий
4.ревнивий
5.впертий
","1.штанмаєр
2.почуття гумору
3.комунікабельний
4.лідер
5.рішучий
6.впертий
7.цілеспрямований
8.стійкий
9.новий
10.політик
","1.антиморальний
2.безчесний
3.глухий
4.тупий
5.залежний
6.націоналіст
7.кривавий
8.байдужий
9.неохайний
10.відштовхуючий","1.децентралізація
2.тарифи
3.газ
4.люкс тюрьма
5.телевізор
6.я та моя команда
7.співітчизники
8.довіра
9.завзятість
10.впертість
","1.лицемірство
2.ганьба
3.трибунал
4.рада
5.істеричний
6.крикливий
7.боягуз
8.владолюбець
9.жалісний
10.відштовхуючий
","нейтральне відношення","нейтральне відношення","сильно не подобається","негативне відношення"
"2019/10/12 1:14:38 AM GMT+3","22","чоловіча","студент","незакінчена вища","психолог","місто","позитивні: Артистичність, Позитивне світосприйняття, відповідальність, енергійність, цілеспрямованість
негативні: жадібність, запальність, заздрісність, лінь, впертість","талановитий
артистичний
розумний
винахідливий
кмітливий
нерішучий
невпевнений
сімейний
люблячий
відданий","віруючий
головнокомандувач
ато
військовий
зажерливий
сильний
впертий
сміливий
жадібний
ненаситний
","фанатична
ненаситна
розумна
жінка
завзята
прямолінійна
відверта
оратор
брехлива
хитра
","вили
дурень
блазень
впертий
постійний
жадібний
владолюбний
брехливий
не чесний
політик
","подобається","сильно не подобається","нейтральне відношення","негативне відношення"
"2019/10/12 1:21:56 AM GMT+3","22","чоловіча","студент","незакінчена вища","психолог","місто","позитивні якості: , цілеспрямованість, любов до порядком, готовність співпрацювати, а також уміння і звичку жити з любов'ю, позитив
негативні якості: пихатість, грубість,заздрість,зарозумілість,боягузтво","не рішучий
гарний
привабливий
сімейний
президент
чоловік
політик
новий
молодий
спортивний ","старий
зажерливий
політик
не чесний
брехливий
зажерливий
алкоголік
залежний
фанатичний
оратор
","жінка
політик
оратор
розумна
хитра
вигідна
владозалежна
леді
охайна
доглянута
","брехливий
клоунський
не серйозний
націоналіст
недопатріот
недополітик
недооратор
недолюдина
недоселянин
недочоловік","подобається","негативне відношення","подобається","негативне відношення"
"2019/10/12 1:28:36 AM GMT+3","26","жіноча","працюю","вища","психолог","місто","Енергійна,цілеспрямована,комунікабельна,щира,відверта. Не пунктуальна, часом лінива,,гостра на язик, вживаю нецензурну лексику, егоїстична","гострий на язик, політик, президент, відвертий
 не рішучий, надія, талановитий, комік, спортивний, новий","лінивий, не гарний, не чесний, війсковий, розумово-відсталий, психічні порушення, антиспортивний, антиморальний, недопатріотичний, кривавий","владозалежна, тарифи, газ, цінності, жінка, охайна, розумна, оратор, в карман за словом не полізе, стерва, ","ідіот, відсталий, не сприймається серйозно, лякливий,  прихований гей, вили, повстання, бунтівник, конформіст, тупий","подобається","негативне відношення","негативне відношення","негативне відношення"
"2019/10/12 1:36:12 AM GMT+3","22","чоловіча","студент","незакінчена вища","журналіст","місто","негативні: Егоїзм, Лицемірство, Скупість, Заздрість, Зарозумілість
мої негативні якості перетворюються на позитивні: альтруїзм, чесність, щедрість, самостійність, скромність","скромний, не впевнений, наркоман, шаурма, інвестиції, інстаграм, велика сім'я, багатий,  коломойський","канал, олігарх, хабарництво, війна, донбас, армія, наживається на людях, жорстокий, хворий, минуле ","минуле, теперішнє, майбутнє, вічна, жінка, леді, охайна, розумна, хитра, оратор","гей, брехло, мужик, не добрий, не щирий, хабарник, на гілляку, жидомасон, залежний, тупий","подобається","сильно не подобається","нейтральне відношення","сильно не подобається"
"2019/10/13 10:03:34 AM GMT+3","21","Ж","Студ","незакінчена вища;вища","Псих","місто","1.Добра, чемна, ввічлива,емоційна, розумна 2.працелюбна, самопожертва, емпатійна, лізу куди не просять, педантична","Новий, комік,актор, лідер, шанс, штанмаєр, кривий ріг, ","Вінниця, Молдова, рошен, гімнюк, бандит, корупція, кредити","Коса, тюрма , газ, візок, корупція, ","Дурень ,вила, корова, Росія, показуха, програв","нейтральне відношення","сильно не подобається","нейтральне відношення","негативне відношення"
"2019/10/20 7:49:53 PM GMT+3","25","жіноча","працюю","вища","психолог","місто","добра, надійна, наполеглива, чесна, пунктуальна
лінива, зла, саркастична, нерішуча, байдужа","нерійшучий
ненадійний
новий
сумнівний
політик
не чесний
не вірний
не правдивий
президент
комік","ледар
ідіот
каліка
старий
минуле
брехливий
зажерливий
тупий
незграбний
неохайний
","охайна
вродлива
жінка
політик
лицемірка
пенсіонери
емпатійна
енергійна
доглянута
брехлива","брехливий
лицемір
антиморальний
непоказовий
несерйозний
злий
зажерливий
владолюбний
дивний
смішний","амбвівалентне відношення","сильно не подобається","сильно не подобається","сильно не подобається"
"2019/10/20 7:55:12 PM GMT+3","23","чоловіча","працюю","вища","вебпрограміст","місто","негативні: не рішучий, лінивий, байдужий, не пунктуальний, не сумлінний
позитивні: цілеспрямований, розумний, чесний, відкритий, компанійський","цілеспрямованй
компанійський
новий
надія
віра
квартал
шоумен
публічний
президент
команда","зажерливий
брехливий
олігарх
байдужий
смішний
неохайний
залежний
алкоголік
політик
минуле","жінка
політик
охайна
доглянута
не чесна
владолюбна
фанатична
пенсії
обман
коляска","ніякий
клоун
смішний
крикливий
істеричний
брехливий
владолюбний
фанатичний
антиморальний
істеричний","амбвівалентне відношення","сильно не подобається","сильно не подобається","амбвівалентне відношення"
"2019/10/20 8:14:07 PM GMT+3","25","чоловіча","працюю","вища","програміст","місто","позитивні: креативність, допитливість, відкритість досвіду,хоробрість, наполегливість
негативні:невріноваженысть, експресивність, байдужість, лінь, лицемірство","непринциповість , нерішучість, емоційність і впертість, поступливість, самовпевненість, безкомпромісність і пасивність гуманність та енергійність","дипломатичність, професіоналізм, освіченість і гнучкість,самовпевненість, безвідповідальність, егоїзм і агресивність, жадібність і впертість ","сміливість,комунікабельність, енергійність, переконливість і оптимізм, хитрість, амбітність, емоційність, ораторські дані, відвертість, дипломатичність, професіоналізм, освіченість і гнучкість .","неврівноваженість, емоційність, непослідовність, агресія і грубість, лицемір, неправдив і безкомпромісний, істеричний, поілтик","нейтральне відношення","сильно не подобається","сильно не подобається","сильно не подобається"
"2019/10/20 9:58:55 PM GMT+3","24","жіноча","студентка","незакінчена вища","філологія та журналістика","місто","відповідальна, добросовісна,вірна,добра, чуйна. негативні: дратівлива, пліткарка,хитра, брехлива, лінива, ","комік,сміх,,страх,людина з народу,прихованість,публічність,актор,сміливість,рішуче йде до своїх цілей.","дебати свин,минуле грати цекерки обман президент олігарх помилка України бандит зло програш  
","Не жінка, а баба
коса, цілеспрямованість, тюрьма, акторка маніпулятивна грамотна оратор газова принцеса","гей зрадливий підлабузник корова селюк Аморальний Не добрий Крикливий Лицемірний Боягуз","сильно подобається","сильно не подобається","негативне відношення","негативне відношення"
"2019/10/20 10:04:26 PM GMT+3","22","чоловіча","студент","незакінчена вища","","місто","Почуття гумору Доброта Відповідальність Акуратність Щирість - Запальність Лінь Вразливість Зарозумілість Песимізм","""я розпуска раду"",квартал, реформи, юрист, КВН, долар, фільми, серіали, свати Президент","націоналіст бандит війна жертви байдужість минуле недовіра майдан рошен фонтан ","фальсифікує факти,прем'єр, грип маски ліки проти грипу газ кааліція харизматична  червоне серце БЮТ","демонстрант,розбійник, вибори, рада, радикал, клоун, вила, скотиняка, корупція, бойко
Вила
","амбвівалентне відношення","негативне відношення","негативне відношення","негативне відношення"
"2019/10/20 10:11:48 PM GMT+3","25","чоловіча","працюю","вища","","місто","розумний, щедрий, лінивий рішучий Не пунктуальний, забудькуватий, ледачий, агресивний","відкритий  молодий невпевнений прямолыныйний справедливий охайний гумор щирий добрий новенький","Солодощі обман хабар інтелегент бандюга білий халат біла гарячка тюрьма ","Впевнена жінка хитра підступна доглянута стильна Владолюбство Розумна Фанатична Не постійна газ","клоун, лишний шум, вила, радикальная партия подстилка Ахметова, земляед, вилы
розбійник,
","нейтральне відношення","сильно не подобається","сильно не подобається","негативне відношення"
"2019/10/20 10:17:26 PM GMT+3","23","чоловіча","студент","незакінчена вища;вища","","місто","Не пунктуальний, забудькуватий, ледачий, агресивний"," Телебачення Посмішка Вибори Клоун Пішак Харизматичність Актор Шоу Квартал політик","майдан свин не чесний кровожерливий хабарник ворог антирос політик злий лицемірний","тигрюля, скандал, БЮТ В'язниця, коса, візок, газ, , ""Батьківщина"", Яценюк, акторка","Аморальний Не добрий Крикливий Лицемірний Підкупний Боягуз Брехливий Клоун, вила
гей,
","сильно не подобається","сильно не подобається","сильно не подобається","сильно не подобається"
"2019/10/20 10:27:52 PM GMT+3","24","жіноча","працюю","вища","","місто","Відкрита, товариська, креативна, віддана, принципова. Чутлива, владна, критична, ображена","неврівноваженість, емоційність, непослідовність, агресія і грубість президент комік новий політик 2019"," війна жертви байдужість минуле недовіра майдан рошен фонтан націоналіст бандитт"," підступна доглянута стильна коса жорстокість маніпулятивна грамотна оратор газова принцеса хитра","вибори, бойко, рада, радикал, клоун, вила, скотиняка, корупція, демонстрант політик","нейтральне відношення","сильно не подобається","негативне відношення","негативне відношення"
"2019/10/20 10:33:14 PM GMT+3","24","чоловіча","працюю","незакінчена вища;вища","","місто","Іскрометний Вишуканий Винахідливий Щирий Ініціативний + Імпульсивний Бунтівний  Іронічний Сором'язливий Лінивий","мільйонер актор комік політик президент єврей квартал квн стадіон фейсбук","в'язень, крадій, обман, злочин, неадекват, рошен, корупція, демонстрант, власний, вибори","брехлива фанатична патріотка розумна грамотна активна не розбірлива вихована леді антиморальна","Пешка Идиотизм Кастрюля Обман Лай собаки политик Гей Шоу Обман Село","нейтральне відношення","негативне відношення","негативне відношення","негативне відношення"